{"stats":{"minecraft:dropped":{"minecraft:stone_hoe":1,"minecraft:stone_axe":3,"minecraft:sugar_cane":3,"minecraft:ink_sac":1,"minecraft:stone_sword":2,"minecraft:wooden_axe":1,"minecraft:red_sandstone":1,"minecraft:stone_shovel":2,"minecraft:cobblestone":206,"minecraft:rotten_flesh":8,"minecraft:wooden_sword":1,"minecraft:oak_planks":134,"minecraft:sand":1,"minecraft:red_sand":2,"minecraft:stone_pickaxe":3,"minecraft:wooden_pickaxe":1,"minecraft:coal":25,"minecraft:stick":43},"minecraft:killed":{"minecraft:zombie":5},"minecraft:used":{"minecraft:stone_sword":17,"minecraft:stone_pickaxe":7,"minecraft:sand":1,"minecraft:cobblestone":2},"minecraft:custom":{"minecraft:time_since_rest":13269,"minecraft:interact_with_furnace":3,"minecraft:sprint_one_cm":32262,"minecraft:damage_taken":50,"minecraft:walk_one_cm":21394,"minecraft:mob_kills":5,"minecraft:drop":30,"minecraft:damage_dealt":725,"minecraft:interact_with_crafting_table":1,"minecraft:fly_one_cm":120683,"minecraft:player_kills":1,"minecraft:open_chest":6,"minecraft:crouch_one_cm":492,"minecraft:play_time":13269,"minecraft:sneak_time":391,"minecraft:jump":153,"minecraft:leave_game":1,"minecraft:time_since_death":13269,"minecraft:total_world_time":13269,"minecraft:fall_one_cm":1672,"minecraft:horse_one_cm":5844},"minecraft:picked_up":{"minecraft:wooden_axe":1,"minecraft:stick":43,"minecraft:raw_iron":1,"minecraft:wheat":1,"minecraft:wooden_pickaxe":1,"minecraft:ink_sac":1,"minecraft:wooden_sword":1,"minecraft:stone_sword":2,"minecraft:rotten_flesh":8,"minecraft:stone_shovel":1,"minecraft:wheat_seeds":2,"minecraft:stone_axe":1,"minecraft:red_sandstone":1,"minecraft:red_sand":2,"minecraft:stone_pickaxe":3,"minecraft:sugar_cane":3,"minecraft:oak_planks":6,"minecraft:coal":25,"minecraft:cobblestone":19},"minecraft:mined":{"minecraft:iron_ore":1,"minecraft:cobblestone":3,"minecraft:stone":3}},"DataVersion":3463}