{"stats":{"minecraft:used":{"minecraft:oak_trapdoor":2,"minecraft:spruce_door":6,"minecraft:armor_stand":1,"minecraft:lantern":8,"minecraft:grass_block":1,"minecraft:oak_stairs":41,"minecraft:spruce_slab":48,"minecraft:oak_planks":35,"minecraft:map":1,"minecraft:chest":8,"minecraft:spruce_planks":20,"minecraft:stone":8,"minecraft:spruce_trapdoor":16,"minecraft:barrel":4,"minecraft:stone_brick_stairs":4,"minecraft:stone_bricks":36,"minecraft:orange_bed":2,"minecraft:anvil":1,"minecraft:tnt":28,"minecraft:orange_banner":10,"minecraft:oak_slab":9,"minecraft:furnace":4,"minecraft:spruce_stairs":59,"minecraft:glass_pane":6,"minecraft:spruce_fence":6,"minecraft:stripped_spruce_log":46},"minecraft:mined":{"minecraft:ice":1,"minecraft:spruce_log":1},"minecraft:custom":{"minecraft:time_since_rest":55080,"minecraft:sprint_one_cm":63254,"minecraft:damage_taken":195,"minecraft:walk_one_cm":67838,"minecraft:mob_kills":5,"minecraft:interact_with_anvil":1,"minecraft:drop":3,"minecraft:damage_dealt":404,"minecraft:fly_one_cm":422592,"minecraft:player_kills":1,"minecraft:open_barrel":1,"minecraft:open_chest":4,"minecraft:crouch_one_cm":4571,"minecraft:play_time":135784,"minecraft:sneak_time":2346,"minecraft:jump":190,"minecraft:time_since_death":135784,"minecraft:walk_on_water_one_cm":3241,"minecraft:sleep_in_bed":1,"minecraft:total_world_time":135784,"minecraft:fall_one_cm":1171},"minecraft:dropped":{"minecraft:map":1,"minecraft:oak_planks":1,"minecraft:spruce_stairs":1},"minecraft:picked_up":{"minecraft:spruce_stairs":1,"minecraft:spruce_log":1,"minecraft:wheat_seeds":5}},"DataVersion":3463}