{"stats":{"minecraft:dropped":{"minecraft:stone_sword":1,"minecraft:rotten_flesh":1,"minecraft:stone_pickaxe":1},"minecraft:broken":{"minecraft:stone_pickaxe":1},"minecraft:killed":{"minecraft:salmon":1,"minecraft:squid":1,"minecraft:zombie":2},"minecraft:used":{"minecraft:red_sand":13,"minecraft:stone_sword":19,"minecraft:stone_shovel":11,"minecraft:stone_pickaxe":220,"minecraft:oak_planks":71,"minecraft:wooden_pickaxe":8,"minecraft:cooked_salmon":1,"minecraft:stone_hoe":30,"minecraft:rotten_flesh":1,"minecraft:torch":4,"minecraft:crafting_table":4,"minecraft:wooden_axe":31,"minecraft:red_sandstone":1,"minecraft:stone_axe":22,"minecraft:wooden_sword":4,"minecraft:cobblestone":152,"minecraft:oak_sapling":1,"minecraft:furnace":1,"minecraft:andesite":2},"minecraft:custom":{"minecraft:interact_with_furnace":3,"minecraft:mob_kills":4,"minecraft:interact_with_crafting_table":11,"minecraft:bell_ring":7,"minecraft:leave_game":2,"minecraft:time_since_death":3987,"minecraft:time_since_rest":4020,"minecraft:sprint_one_cm":87279,"minecraft:damage_taken":1084,"minecraft:walk_one_cm":141597,"minecraft:drop":3,"minecraft:damage_dealt":965,"minecraft:swim_one_cm":14028,"minecraft:fly_one_cm":46963,"minecraft:open_chest":1,"minecraft:crouch_one_cm":2762,"minecraft:play_time":55879,"minecraft:deaths":4,"minecraft:sneak_time":1495,"minecraft:walk_under_water_one_cm":8258,"minecraft:jump":561,"minecraft:walk_on_water_one_cm":9197,"minecraft:total_world_time":55879,"minecraft:fall_one_cm":13520},"minecraft:picked_up":{"minecraft:wooden_axe":3,"minecraft:lime_bed":2,"minecraft:crafting_table":4,"minecraft:salmon":1,"minecraft:andesite":4,"minecraft:wooden_pickaxe":3,"minecraft:oak_log":17,"minecraft:wooden_sword":3,"minecraft:red_sandstone":4,"minecraft:red_sand":19,"minecraft:stone_pickaxe":8,"minecraft:sugar_cane":12,"minecraft:stone_hoe":1,"minecraft:oak_planks":237,"minecraft:stick":136,"minecraft:ink_sac":4,"minecraft:stone_sword":6,"minecraft:stone_shovel":3,"minecraft:rotten_flesh":15,"minecraft:stone_axe":4,"minecraft:hay_block":18,"minecraft:oak_sapling":1,"minecraft:coal":76,"minecraft:cobblestone":620},"minecraft:mined":{"minecraft:crafting_table":3,"minecraft:red_sand":15,"minecraft:dead_bush":48,"minecraft:cobblestone":8,"minecraft:sugar_cane":1,"minecraft:oak_planks":29,"minecraft:hay_block":18,"minecraft:lime_bed":2,"minecraft:coarse_dirt":2,"minecraft:red_sandstone":2,"minecraft:andesite":2,"minecraft:oak_log":17,"minecraft:coal_ore":26,"minecraft:stone":183,"minecraft:oak_leaves":2},"minecraft:crafted":{"minecraft:wooden_sword":1,"minecraft:oak_planks":68,"minecraft:stone_shovel":1,"minecraft:crafting_table":1,"minecraft:wooden_pickaxe":1,"minecraft:furnace":1,"minecraft:cooked_salmon":1,"minecraft:stone_axe":1,"minecraft:stick":16,"minecraft:stone_pickaxe":3,"minecraft:wooden_axe":1,"minecraft:stone_sword":2,"minecraft:torch":52},"minecraft:killed_by":{"minecraft:player":1,"minecraft:skeleton":1,"minecraft:zombie":1}},"DataVersion":3463}