{"stats":{"minecraft:mined":{"minecraft:glass_pane":3,"minecraft:torch":1,"minecraft:glow_lichen":2,"minecraft:grass_block":4,"minecraft:oak_planks":2,"minecraft:hay_block":17,"minecraft:carrots":27,"minecraft:wheat":28,"minecraft:birch_leaves":1,"minecraft:black_bed":1,"minecraft:yellow_bed":1,"minecraft:grass":31,"minecraft:pointed_dripstone":1,"minecraft:potatoes":8,"minecraft:oak_log":32,"minecraft:beetroots":23,"minecraft:gravel":1,"minecraft:dirt":78},"minecraft:broken":{"minecraft:wooden_sword":2},"minecraft:picked_up":{"minecraft:wheat":10,"minecraft:potato":14,"minecraft:filled_map":4,"minecraft:oak_log":32,"minecraft:yellow_bed":1,"minecraft:map":1,"minecraft:dirt":80,"minecraft:string":1,"minecraft:lantern":1,"minecraft:wooden_sword":5,"minecraft:bone":1,"minecraft:beetroot":4,"minecraft:wheat_seeds":50,"minecraft:iron_ingot":10,"minecraft:poppy":1,"minecraft:oak_planks":2,"minecraft:egg":2,"minecraft:stick":13,"minecraft:torch":1,"minecraft:gravel":1,"minecraft:spruce_stairs":2,"minecraft:porkchop":5,"minecraft:pointed_dripstone":1,"minecraft:carrot":41,"minecraft:arrow":2,"minecraft:rotten_flesh":3,"minecraft:beetroot_seeds":29,"minecraft:hay_block":20,"minecraft:gray_wool":1,"minecraft:oak_sapling":1,"minecraft:mutton":6,"minecraft:snowball":16,"minecraft:white_wool":2},"minecraft:killed_by":{"minecraft:player":1,"minecraft:zombie":1,"minecraft:iron_golem":1},"minecraft:used":{"minecraft:beetroot":3,"minecraft:wheat_seeds":7,"minecraft:oak_fence":7,"minecraft:water_bucket":31,"minecraft:enchanting_table":1,"minecraft:spruce_door":1,"minecraft:armor_stand":2,"minecraft:oak_planks":43,"minecraft:chest":10,"minecraft:wooden_pickaxe":1,"minecraft:stone":35,"minecraft:jungle_wood":40,"minecraft:torch":1,"minecraft:brewing_stand":1,"minecraft:dirt":85,"minecraft:crafting_table":2,"minecraft:spruce_stairs":25,"minecraft:blast_furnace":2,"minecraft:carrot":10,"minecraft:black_bed":1,"minecraft:painting":7,"minecraft:oak_fence_gate":2,"minecraft:oak_log":4,"minecraft:glass":8,"minecraft:dark_oak_planks":89,"minecraft:wooden_hoe":8,"minecraft:lantern":4,"minecraft:grass_block":8,"minecraft:bread":7,"minecraft:pig_spawn_egg":5,"minecraft:map":1,"minecraft:spruce_trapdoor":12,"minecraft:gravel":1,"minecraft:barrel":4,"minecraft:glowstone":4,"minecraft:wooden_sword":121,"minecraft:cobblestone":41,"minecraft:hay_block":10,"minecraft:porkchop":5,"minecraft:yellow_bed":1,"minecraft:egg":1,"minecraft:potato":14,"minecraft:pointed_dripstone":1},"minecraft:crafted":{"minecraft:wooden_sword":2,"minecraft:oak_planks":112,"minecraft:wooden_pickaxe":1,"minecraft:hay_block":1,"minecraft:bread":24,"minecraft:stick":12,"minecraft:wheat":72},"minecraft:killed":{"minecraft:pig":2,"minecraft:spider":1,"minecraft:iron_golem":2,"minecraft:sheep":3,"minecraft:zombie":2},"minecraft:custom":{"minecraft:mob_kills":10,"minecraft:interact_with_crafting_table":17,"minecraft:open_barrel":23,"minecraft:bell_ring":15,"minecraft:leave_game":2,"minecraft:time_since_death":7256,"minecraft:sleep_in_bed":7,"minecraft:time_since_rest":7291,"minecraft:sprint_one_cm":195568,"minecraft:damage_taken":2468,"minecraft:walk_one_cm":273052,"minecraft:drop":14,"minecraft:damage_dealt":2275,"minecraft:talked_to_villager":2,"minecraft:swim_one_cm":9311,"minecraft:fly_one_cm":346687,"minecraft:open_chest":28,"minecraft:crouch_one_cm":4614,"minecraft:play_time":159371,"minecraft:deaths":6,"minecraft:sneak_time":2626,"minecraft:walk_under_water_one_cm":3872,"minecraft:interact_with_brewingstand":1,"minecraft:jump":1286,"minecraft:walk_on_water_one_cm":13917,"minecraft:enchant_item":4,"minecraft:total_world_time":159371,"minecraft:fall_one_cm":47382},"minecraft:dropped":{"minecraft:iron_ingot":5,"minecraft:lantern":1,"minecraft:apple":4,"minecraft:spruce_stairs":2,"minecraft:carrot":1,"minecraft:wooden_sword":1}},"DataVersion":3463}