{"stats":{"minecraft:mined":{"minecraft:deepslate_diamond_ore":20,"minecraft:crafting_table":3,"minecraft:granite":6,"minecraft:grass_block":15,"minecraft:tall_grass":1,"minecraft:cobblestone":7,"minecraft:spruce_leaves":9,"minecraft:furnace":1,"minecraft:iron_ore":7,"minecraft:sweet_berry_bush":7,"minecraft:spruce_log":4,"minecraft:grass":5,"minecraft:oak_log":6,"minecraft:pointed_dripstone":3,"minecraft:coal_ore":5,"minecraft:deepslate_iron_ore":2,"minecraft:gravel":37,"minecraft:dripstone_block":6,"minecraft:dirt":12,"minecraft:stone":9,"minecraft:oak_leaves":1,"minecraft:deepslate":31,"minecraft:fern":1},"minecraft:used":{"minecraft:wooden_pickaxe":6,"minecraft:cauldron":1,"minecraft:diamond_axe":1,"minecraft:dirt":18,"minecraft:crafting_table":5,"minecraft:carrot":3,"minecraft:dripstone_block":3,"minecraft:black_bed":1,"minecraft:granite":5,"minecraft:spruce_boat":3,"minecraft:lava_bucket":2,"minecraft:apple":4,"minecraft:bread":5,"minecraft:iron_pickaxe":95,"minecraft:gravel":33,"minecraft:stone_axe":14,"minecraft:wooden_sword":35,"minecraft:cobblestone":12,"minecraft:sweet_berries":14,"minecraft:furnace":1,"minecraft:bucket":2,"minecraft:cobbled_deepslate":5,"minecraft:pointed_dripstone":1},"minecraft:picked_up":{"minecraft:crafting_table":3,"minecraft:black_bed":1,"minecraft:filled_map":1,"minecraft:flint":2,"minecraft:oak_log":6,"minecraft:gunpowder":1,"minecraft:dirt":28,"minecraft:bone":5,"minecraft:apple":4,"minecraft:wheat_seeds":1,"minecraft:cobbled_deepslate":31,"minecraft:iron_ingot":5,"minecraft:poppy":1,"minecraft:furnace":1,"minecraft:stick":2,"minecraft:raw_iron":17,"minecraft:sweet_berries":14,"minecraft:dandelion":1,"minecraft:dripstone_block":5,"minecraft:gravel":35,"minecraft:pointed_dripstone":6,"minecraft:spruce_log":4,"minecraft:arrow":8,"minecraft:rotten_flesh":5,"minecraft:diamond":20,"minecraft:spruce_boat":3,"minecraft:granite":6,"minecraft:coal":5,"minecraft:cobblestone":16,"minecraft:ender_pearl":1},"minecraft:custom":{"minecraft:interact_with_furnace":3,"minecraft:mob_kills":6,"minecraft:animals_bred":2,"minecraft:interact_with_crafting_table":11,"minecraft:open_barrel":5,"minecraft:leave_game":2,"minecraft:time_since_death":58194,"minecraft:sleep_in_bed":3,"minecraft:time_since_rest":14430,"minecraft:sprint_one_cm":101823,"minecraft:damage_taken":765,"minecraft:walk_one_cm":136576,"minecraft:drop":2,"minecraft:damage_dealt":1934,"minecraft:swim_one_cm":12899,"minecraft:talked_to_villager":1,"minecraft:fly_one_cm":189044,"minecraft:open_chest":10,"minecraft:play_time":64296,"minecraft:crouch_one_cm":4452,"minecraft:deaths":1,"minecraft:sneak_time":2463,"minecraft:walk_under_water_one_cm":3896,"minecraft:jump":1079,"minecraft:interact_with_blast_furnace":6,"minecraft:walk_on_water_one_cm":6896,"minecraft:total_world_time":64296,"minecraft:fall_one_cm":28280,"minecraft:horse_one_cm":16528},"minecraft:killed":{"minecraft:spider":1,"minecraft:skeleton":2,"minecraft:zombie":1,"minecraft:enderman":1},"minecraft:dropped":{"minecraft:filled_map":1,"minecraft:wooden_sword":1},"minecraft:crafted":{"minecraft:wooden_sword":2,"minecraft:oak_planks":24,"minecraft:cauldron":1,"minecraft:diamond_axe":1,"minecraft:crafting_table":2,"minecraft:spruce_planks":16,"minecraft:wooden_pickaxe":1,"minecraft:furnace":1,"minecraft:fletching_table":1,"minecraft:bucket":1,"minecraft:stone_axe":1,"minecraft:air":0,"minecraft:diamond_helmet":1,"minecraft:diamond_pickaxe":1,"minecraft:stick":12,"minecraft:iron_ingot":8,"minecraft:iron_pickaxe":1,"minecraft:spruce_boat":1,"minecraft:diamond_chestplate":1}},"DataVersion":3463}