{"stats":{"minecraft:broken":{"minecraft:stone_pickaxe":1},"minecraft:killed":{"minecraft:zombie":1},"minecraft:used":{"minecraft:diorite":20,"minecraft:stone_pickaxe":157,"minecraft:iron_pickaxe":84,"minecraft:wooden_pickaxe":7,"minecraft:stone_axe":7,"minecraft:crafting_table":3,"minecraft:furnace":2},"minecraft:picked_up":{"minecraft:crafting_table":3,"minecraft:stick":11,"minecraft:raw_iron":16,"minecraft:tuff":21,"minecraft:oak_log":6,"minecraft:diorite":20,"minecraft:diamond":29,"minecraft:cobbled_deepslate":85,"minecraft:granite":1,"minecraft:coal":5,"minecraft:cobblestone":62,"minecraft:furnace":2},"minecraft:custom":{"minecraft:time_since_rest":57191,"minecraft:interact_with_furnace":6,"minecraft:sprint_one_cm":18855,"minecraft:damage_taken":180,"minecraft:walk_one_cm":21576,"minecraft:mob_kills":1,"minecraft:damage_dealt":512,"minecraft:swim_one_cm":705,"minecraft:interact_with_crafting_table":5,"minecraft:fly_one_cm":26482,"minecraft:crouch_one_cm":8936,"minecraft:play_time":57191,"minecraft:sneak_time":3614,"minecraft:walk_under_water_one_cm":350,"minecraft:jump":229,"minecraft:leave_game":5,"minecraft:walk_on_water_one_cm":2011,"minecraft:time_since_death":57191,"minecraft:total_world_time":57191,"minecraft:fall_one_cm":5465},"minecraft:mined":{"minecraft:tuff":24,"minecraft:furnace":2,"minecraft:deepslate_diamond_ore":29,"minecraft:iron_ore":10,"minecraft:sculk_vein":2,"minecraft:crafting_table":3,"minecraft:granite":1,"minecraft:coal_ore":3,"minecraft:oak_log":6,"minecraft:dead_bush":12,"minecraft:stone":62,"minecraft:sculk":7,"minecraft:diorite":20,"minecraft:oak_leaves":1,"minecraft:deepslate":88},"minecraft:crafted":{"minecraft:oak_planks":24,"minecraft:crafting_table":1,"minecraft:iron_ingot":4,"minecraft:wooden_pickaxe":1,"minecraft:iron_pickaxe":1,"minecraft:stone_pickaxe":2,"minecraft:furnace":1,"minecraft:stone_axe":1,"minecraft:air":0}},"DataVersion":3463}