{"stat.pickup.minecraft.rotten_flesh":2,"stat.walkOneCm":9433,"stat.leaveGame":3,"stat.drop.minecraft.rotten_flesh":2,"stat.damageTaken":640,"stat.mobKills":2,"stat.drop.minecraft.red_flower":1,"stat.flyOneCm":24161,"stat.deaths":2,"stat.drop":3,"stat.jump":84,"stat.swimOneCm":7227,"stat.playOneMinute":11758,"stat.fallOneCm":1621,"stat.entityKilledBy.Zombie":1,"stat.pickup.minecraft.red_flower":1,"stat.sneakTime":104,"stat.entityKilledBy.Skeleton":1,"stat.damageDealt":239,"stat.crouchOneCm":132,"stat.timeSinceDeath":801,"stat.pickup.minecraft.dirt":4,"stat.useItem.minecraft.dirt":3,"stat.sprintOneCm":15145,"stat.mineBlock.minecraft.dirt":4,"stat.useItem.minecraft.stone_slab2":1,"stat.mineBlock.minecraft.tallgrass":7,"stat.diveOneCm":9930}